{
  "original_points": [
    [
      514,
      381
    ],
    [
      1422,
      372
    ],
    [
      561,
      847
    ],
    [
      511,
      373
    ]
  ],
  "display_points": [
    [
      343,
      254
    ],
    [
      948,
      248
    ],
    [
      374,
      565
    ],
    [
      341,
      249
    ]
  ],
  "original_dimensions": [
    1920,
    1080
  ],
  "display_dimensions": [
    1280,
    720
  ],
  "scale_ratios": [
    0.6666666666666666,
    0.6666666666666666
  ]
}